{"cameraMode":{"drawMode":0,"name":"Shaded","section":"Shading Mode"},"sceneLighting":true,"audioPlay":false,"sceneViewState":{"m_AlwaysRefresh":false,"showFog":true,"showSkybox":true,"showFlares":true,"showImageEffects":true,"showParticleSystems":true,"showVisualEffectGraphs":true,"m_FxEnabled":true},"in2DMode":false,"pivot":{"x":3.5868301391601564,"y":-24.473663330078126,"z":32.97964096069336},"rotation":{"x":-0.17248882353305818,"y":-0.21203434467315675,"z":0.038242120295763019,"w":-0.9612031579017639},"size":45.285011291503909,"orthographic":false}